[
    {
        "transactionName": "UC02_homepage",
        "rawStartTime": 1582286783782,
        "rawEndTime": 1582286784271
    },
    {
        "transactionName": "UC02_login",
        "rawStartTime": 1582286784272,
        "rawEndTime": 1582286784890
    },
    {
        "transactionName": "UC02_incident",
        "rawStartTime": 1582286784891,
        "rawEndTime": 1582286797017
    },
    {
        "transactionName": "UC02_comment",
        "rawStartTime": 1582286797018,
        "rawEndTime": 1582286797220
    },
    {
        "transactionName": "UC02_logout",
        "rawStartTime": 1582286797221,
        "rawEndTime": 1582286797242
    }
]