<?xml version="1.0" encoding="utf-8"?>
<VugenScriptMetadata>
  <ScriptName>JavaEmulMaxCoder</ScriptName>
  <Protocol>Java Vuser</Protocol>
  <ActionFiles>
    <FileEntry Name="vuser_init.java" Filter="2" />
    <FileEntry Name="Actions.java" Filter="2" />
    <FileEntry Name="vuser_end.java" Filter="2" />
  </ActionFiles>
  <GeneralFiles>
    <FileEntry Name="JavaEmulMaxCoder.usr" Filter="4" />
    <FileEntry Name="default.cfg" Filter="4" />
    <FileEntry Name="default.usp" Filter="4" />
    <FileEntry Name="JavaEmulMaxCoder.prm" Filter="2" />
    <FileEntry Name="VtsPort.dat" Filter="2" />
    <FileEntry Name="login.dat" Filter="2" />
    <FileEntry Name="password.dat" Filter="2" />
    <FileEntry Name="VtsServer.dat" Filter="2" />
    <FileEntry Name="ojdbc8-12.2.0.1.jar" Filter="2" />
    <FileEntry Name="jdbc.dat" Filter="2" />
    <FileEntry Name="rc.dat" Filter="2" />
    <FileEntry Name="114821874440.idx" Filter="1" />
    <FileEntry Name="226745028440.idx" Filter="1" />
    <FileEntry Name="242684372440.idx" Filter="1" />
    <FileEntry Name="6036261440.idx" Filter="1" />
    <FileEntry Name="71962176440.idx" Filter="1" />
    <FileEntry Name="7196217644_0ar.528.idx" Filter="1" />
    <FileEntry Name="7196217644_25b.974.idx" Filter="1" />
    <FileEntry Name="7196217644_2ja.980.idx" Filter="1" />
    <FileEntry Name="7196217644_2Xh.378.idx" Filter="1" />
    <FileEntry Name="7196217644_3gj.598.idx" Filter="1" />
    <FileEntry Name="7196217644_88l.178.idx" Filter="1" />
    <FileEntry Name="7196217644_8mK.910.idx" Filter="1" />
    <FileEntry Name="7196217644_9d6.816.idx" Filter="1" />
    <FileEntry Name="7196217644_cPd.142.idx" Filter="1" />
    <FileEntry Name="7196217644_g6K.898.idx" Filter="1" />
    <FileEntry Name="7196217644_g82.680.idx" Filter="1" />
    <FileEntry Name="7196217644_gUO.152.idx" Filter="1" />
    <FileEntry Name="7196217644_GxB.362.idx" Filter="1" />
    <FileEntry Name="7196217644_i7u.588.idx" Filter="1" />
    <FileEntry Name="7196217644_Ia3.258.idx" Filter="1" />
    <FileEntry Name="7196217644_Ia3.462.idx" Filter="1" />
    <FileEntry Name="7196217644_Ia3.82.idx" Filter="1" />
    <FileEntry Name="7196217644_jfB.164.idx" Filter="1" />
    <FileEntry Name="7196217644_Kn8.374.idx" Filter="1" />
    <FileEntry Name="7196217644_lpY.142.idx" Filter="1" />
    <FileEntry Name="7196217644_lVP.910.idx" Filter="1" />
    <FileEntry Name="7196217644_NbD.477.idx" Filter="1" />
    <FileEntry Name="7196217644_NEQ.52.idx" Filter="1" />
    <FileEntry Name="7196217644_qS6.144.idx" Filter="1" />
    <FileEntry Name="7196217644_rrS.846.idx" Filter="1" />
    <FileEntry Name="7196217644_T7n.162.idx" Filter="1" />
    <FileEntry Name="7196217644_uDt.934.idx" Filter="1" />
    <FileEntry Name="7196217644_vLE.208.idx" Filter="1" />
    <FileEntry Name="7196217644_yWn.776.idx" Filter="1" />
    <FileEntry Name="7196217644_Zfk.476.idx" Filter="1" />
    <FileEntry Name="7196217644_zqu.148.idx" Filter="1" />
    <FileEntry Name="94900528440.idx" Filter="1" />
    <FileEntry Name="9490052844_0Gy.361.idx" Filter="1" />
    <FileEntry Name="9490052844_31b.147.idx" Filter="1" />
    <FileEntry Name="9490052844_55M.845.idx" Filter="1" />
    <FileEntry Name="9490052844_Ayu.815.idx" Filter="1" />
    <FileEntry Name="9490052844_B5f.897.idx" Filter="1" />
    <FileEntry Name="9490052844_bm4.775.idx" Filter="1" />
    <FileEntry Name="9490052844_cA7.527.idx" Filter="1" />
    <FileEntry Name="9490052844_EBW.597.idx" Filter="1" />
    <FileEntry Name="9490052844_FmV.587.idx" Filter="1" />
    <FileEntry Name="9490052844_gTW.163.idx" Filter="1" />
    <FileEntry Name="9490052844_hZM.207.idx" Filter="1" />
    <FileEntry Name="9490052844_Iyt.141.idx" Filter="1" />
    <FileEntry Name="9490052844_j9I.909.idx" Filter="1" />
    <FileEntry Name="9490052844_K5J.151.idx" Filter="1" />
    <FileEntry Name="9490052844_mX1.377.idx" Filter="1" />
    <FileEntry Name="9490052844_OOa.475.idx" Filter="1" />
    <FileEntry Name="9490052844_Oun.141.idx" Filter="1" />
    <FileEntry Name="9490052844_p9I.909.idx" Filter="1" />
    <FileEntry Name="9490052844_PTU.373.idx" Filter="1" />
    <FileEntry Name="9490052844_qbH.51.idx" Filter="1" />
    <FileEntry Name="9490052844_sIR.177.idx" Filter="1" />
    <FileEntry Name="9490052844_TeW.161.idx" Filter="1" />
    <FileEntry Name="9490052844_tKg.933.idx" Filter="1" />
    <FileEntry Name="9490052844_TLE.679.idx" Filter="1" />
    <FileEntry Name="9490052844_Y65.979.idx" Filter="1" />
    <FileEntry Name="9490052844_y8E.143.idx" Filter="1" />
    <FileEntry Name="9490052844_YAR.257.idx" Filter="1" />
    <FileEntry Name="9490052844_YAR.461.idx" Filter="1" />
    <FileEntry Name="9490052844_YAR.81.idx" Filter="1" />
    <FileEntry Name="9490052844_Z9T.973.idx" Filter="1" />
    <FileEntry Name="9490052844_Zfk.476.idx" Filter="1" />
    <FileEntry Name="Action.c" Filter="1" />
    <FileEntry Name="Actions.class" Filter="1" />
    <FileEntry Name="Actions.java.bak" Filter="1" />
    <FileEntry Name="Actions.java.sed" Filter="1" />
    <FileEntry Name="Bookmarks.xml" Filter="1" />
    <FileEntry Name="Breakpoints.xml" Filter="1" />
    <FileEntry Name="CompilerLogMetadata.xml" Filter="1" />
    <FileEntry Name="JavaEmulMaxCoder.prm.bak" Filter="1" />
    <FileEntry Name="logfile.log" Filter="1" />
    <FileEntry Name="mdrv.log" Filter="1" />
    <FileEntry Name="mdrv_cmd.txt" Filter="1" />
    <FileEntry Name="output.bak" Filter="1" />
    <FileEntry Name="output.txt" Filter="1" />
    <FileEntry Name="OutputColoringDatabase.json" Filter="1" />
    <FileEntry Name="ReplaySummaryReport.xml" Filter="1" />
    <FileEntry Name="ScriptUploadMetadata.xml" Filter="1" />
    <FileEntry Name="ThumbnailsCache.tmp" Filter="1" />
    <FileEntry Name="TransactionsData.db" Filter="1" />
    <FileEntry Name="UserTasks.xml" Filter="1" />
    <FileEntry Name="vuser_end.c" Filter="1" />
    <FileEntry Name="vuser_init.c" Filter="1" />
  </GeneralFiles>
</VugenScriptMetadata>