<?xml version="1.0" encoding="windows-1251"?><Metadata><Ms><It Ln="54" O="0" M="Utt.Debugger.Warning" T="warning: unrecognized character escape sequence `\{'&#xD;&#xA;"><P F="C:\Program Files\HP LR\bin\x_desk_uc_3\Action.c" N="42" C="0" /></It><It Ln="54" O="0" M="Utt.Debugger.Warning" T="warning: unrecognized character escape sequence `\}'&#xD;&#xA;"><P F="C:\Program Files\HP LR\bin\x_desk_uc_3\Action.c" N="42" C="0" /></It><It Ln="18" O="0" M="Utt.Debugger.Info" T="No errors detected" /></Ms></Metadata>