<?xml version="1.0" encoding="utf-8"?>
<VugenScriptMetadata>
  <ScriptName>WebHttpHtml2</ScriptName>
  <Protocol>Web - HTTP/HTML</Protocol>
  <ActionFiles>
    <FileEntry Name="vuser_init.c" Filter="2" />
    <FileEntry Name="Action.c" Filter="2" />
    <FileEntry Name="vuser_end.c" Filter="2" />
  </ActionFiles>
  <GeneralFiles>
    <FileEntry Name="WebHttpHtml2.usr" Filter="4" />
    <FileEntry Name="default.cfg" Filter="4" />
    <FileEntry Name="default.usp" Filter="4" />
    <FileEntry Name="WebHttpHtml2.prm" Filter="2" />
    <FileEntry Name="globals.h" Filter="2" />
    <FileEntry Name="NewParam(1).dat" Filter="2" />
    <FileEntry Name="combined_WebHttpHtml2.c" Filter="2" />
    <FileEntry Name="pre_cci.c" Filter="2" />
    <FileEntry Name="113019098440.idx" Filter="1" />
    <FileEntry Name="11301909844_0YC.137.idx" Filter="1" />
    <FileEntry Name="11301909844_1pH.185.idx" Filter="1" />
    <FileEntry Name="11301909844_2KI.955.idx" Filter="1" />
    <FileEntry Name="11301909844_2RN.971.idx" Filter="1" />
    <FileEntry Name="11301909844_3Aq.595.idx" Filter="1" />
    <FileEntry Name="11301909844_4Zn.569.idx" Filter="1" />
    <FileEntry Name="11301909844_5cp.613.idx" Filter="1" />
    <FileEntry Name="11301909844_5iB.467.idx" Filter="1" />
    <FileEntry Name="11301909844_aKu.479.idx" Filter="1" />
    <FileEntry Name="11301909844_C5x.941.idx" Filter="1" />
    <FileEntry Name="11301909844_C7m.655.idx" Filter="1" />
    <FileEntry Name="11301909844_eFJ.627.idx" Filter="1" />
    <FileEntry Name="11301909844_K7Y.979.idx" Filter="1" />
    <FileEntry Name="11301909844_l3O.427.idx" Filter="1" />
    <FileEntry Name="11301909844_loJ.765.idx" Filter="1" />
    <FileEntry Name="11301909844_Mib.138.idx" Filter="1" />
    <FileEntry Name="11301909844_Mxx.261.idx" Filter="1" />
    <FileEntry Name="11301909844_Opp.669.idx" Filter="1" />
    <FileEntry Name="11301909844_se4.813.idx" Filter="1" />
    <FileEntry Name="11301909844_sjD.797.idx" Filter="1" />
    <FileEntry Name="11301909844_VpQ.407.idx" Filter="1" />
    <FileEntry Name="11301909844_xzG.137.idx" Filter="1" />
    <FileEntry Name="121136421440.idx" Filter="1" />
    <FileEntry Name="183277159440.idx" Filter="1" />
    <FileEntry Name="223972001440.idx" Filter="1" />
    <FileEntry Name="22397200144_4Fg.956.idx" Filter="1" />
    <FileEntry Name="22397200144_E1Y.628.idx" Filter="1" />
    <FileEntry Name="22397200144_hdN.139.idx" Filter="1" />
    <FileEntry Name="22397200144_Hyy.798.idx" Filter="1" />
    <FileEntry Name="22397200144_ILV.428.idx" Filter="1" />
    <FileEntry Name="22397200144_IWv.766.idx" Filter="1" />
    <FileEntry Name="22397200144_Izm.942.idx" Filter="1" />
    <FileEntry Name="22397200144_jrh.670.idx" Filter="1" />
    <FileEntry Name="22397200144_L1C.408.idx" Filter="1" />
    <FileEntry Name="22397200144_lhn.186.idx" Filter="1" />
    <FileEntry Name="22397200144_nsr.614.idx" Filter="1" />
    <FileEntry Name="22397200144_nvs.656.idx" Filter="1" />
    <FileEntry Name="22397200144_ta9.972.idx" Filter="1" />
    <FileEntry Name="22397200144_zUK.262.idx" Filter="1" />
    <FileEntry Name="Bookmarks.xml" Filter="1" />
    <FileEntry Name="Breakpoints.xml" Filter="1" />
    <FileEntry Name="CompilerLogMetadata.xml" Filter="1" />
    <FileEntry Name="custom_body_variables.txt" Filter="1" />
    <FileEntry Name="data.zip" Filter="1" />
    <FileEntry Name="logfile.log" Filter="1" />
    <FileEntry Name="lrw_custom_body.h" Filter="1" />
    <FileEntry Name="mdrv.log" Filter="1" />
    <FileEntry Name="mdrv_cmd.txt" Filter="1" />
    <FileEntry Name="NewParam.dat" Filter="1" />
    <FileEntry Name="options.txt" Filter="1" />
    <FileEntry Name="output.bak" Filter="1" />
    <FileEntry Name="output.txt" Filter="1" />
    <FileEntry Name="OutputColoringDatabase.json" Filter="1" />
    <FileEntry Name="ReplaySummaryReport.xml" Filter="1" />
    <FileEntry Name="ScriptUploadMetadata.xml" Filter="1" />
    <FileEntry Name="ThumbnailsCache.tmp" Filter="1" />
    <FileEntry Name="TransactionsData.db" Filter="1" />
    <FileEntry Name="UserTasks.xml" Filter="1" />
    <FileEntry Name="WebHttpHtml2.c.pickle" Filter="1" />
    <FileEntry Name="WebHttpHtml2.ci" Filter="1" />
    <FileEntry Name="WebHttpHtml2.prm.bak" Filter="1" />
    <FileEntry Name="data\" Filter="1" />
    <FileEntry Name="result1\" Filter="1" />
  </GeneralFiles>
</VugenScriptMetadata>