<?xml version="1.0" encoding="utf-8"?>
<root xmlns="urn:schemas-upnp-org:device-1-0">
   <specVersion>
      <major>1</major>
      <minor>0</minor>
   </specVersion>
   <device>
      <dlna:X_DLNADOC xmlns:dlna="urn:schemas-dlna-org:device-1-0">DMS-1.50</dlna:X_DLNADOC>
      <dlna:X_DLNADOC xmlns:dlna="urn:schemas-dlna-org:device-1-0">M-DMS-1.50</dlna:X_DLNADOC>
      <dlna:X_DLNACAP xmlns:dlna="urn:schemas-dlna-org:device-1-0">av-upload,image-upload,audio-upload</dlna:X_DLNACAP>
      <deviceType>urn:schemas-upnp-org:device:MediaServer:1</deviceType>
       <friendlyName>Zona on DESKTOP-19HISCD</friendlyName>
      <manufacturer>Zona, Inc.</manufacturer>
      <manufacturerURL>http://www.zona.ru</manufacturerURL>
      <modelDescription>Provides content through UPnP ContentDirectory service</modelDescription>
      <modelName>Zona Media Server</modelName>
      <modelNumber>0.2</modelNumber>
      <modelURL>http://192.168.2.109:60855/updateContent</modelURL>
      <UDN>uuid:c6ab11ad-2989-e8e4-3b5c-d6a09613caeb</UDN>
      <iconList>
        <icon>
          <mimetype>image/png</mimetype>
          <width>120</width>
          <height>120</height>
          <depth>24</depth>
          <url>/Zona120x120.png</url>
        </icon>
        <icon>
          <mimetype>image/jpeg</mimetype>
          <width>120</width>
          <height>120</height>
          <depth>24</depth>
          <url>/Zona120x120.jpg</url>
        </icon>
        <icon>
          <mimetype>image/png</mimetype>
          <width>48</width>
          <height>48</height>
          <depth>24</depth>
          <url>/Zona48x48.png</url>
        </icon>
        <icon>
          <mimetype>image/jpeg</mimetype>
          <width>48</width>
          <height>48</height>
          <depth>24</depth>
          <url>/Zona48x48.jpg</url>
        </icon>
        <icon>
          <mimetype>image/png</mimetype>
          <width>32</width>
          <height>32</height>
          <depth>24</depth>
          <url>/Zona32x32.png</url>
        </icon>
        <icon>
          <mimetype>image/jpeg</mimetype>
          <width>32</width>
          <height>32</height>
          <depth>24</depth>
          <url>/Zona32x32.jpg</url>
        </icon>
      </iconList>
      <serviceList>
         <service>
            <serviceType>urn:schemas-upnp-org:service:ConnectionManager:1</serviceType>
            <serviceId>urn:upnp-org:serviceId:urn:schemas-upnp-org:service:ConnectionManager</serviceId>
            <SCPDURL>ConnectionManager.xml</SCPDURL>
            <controlURL>ConnectionManager/Control</controlURL>
            <eventSubURL>ConnectionManager/Event</eventSubURL>
         </service>
         <service>
            <serviceType>urn:schemas-upnp-org:service:ContentDirectory:1</serviceType>
            <serviceId>urn:upnp-org:serviceId:urn:schemas-upnp-org:service:ContentDirectory</serviceId>
            <SCPDURL>ContentDirectory.xml</SCPDURL>
            <controlURL>ContentDirectory/Control</controlURL>
            <eventSubURL>ContentDirectory/Event</eventSubURL>
         </service>
      </serviceList>
   </device>
</root>