<?xml version="1.0" encoding="utf-8"?>
<VugenScriptMetadata>
  <ScriptName>UC01_with_influx</ScriptName>
  <Protocol>Web - HTTP/HTML</Protocol>
  <ActionFiles>
    <FileEntry Name="vuser_init.c" Filter="2" />
    <FileEntry Name="Action.c" Filter="2" />
    <FileEntry Name="vuser_end.c" Filter="2" />
  </ActionFiles>
  <GeneralFiles>
    <FileEntry Name="UC01_with_influx.usr" Filter="4" />
    <FileEntry Name="default.cfg" Filter="4" />
    <FileEntry Name="default.usp" Filter="4" />
    <FileEntry Name="XDESKREDACT.prm" Filter="2" />
    <FileEntry Name="globals.h" Filter="2" />
    <FileEntry Name="engineer.dat" Filter="2" />
    <FileEntry Name="ScriptUploadMetadata.xml" Filter="2" />
    <FileEntry Name="Bookmarks.xml" Filter="2" />
    <FileEntry Name="Breakpoints.xml" Filter="2" />
    <FileEntry Name="CompilerLogMetadata.xml" Filter="2" />
    <FileEntry Name="ReplaySummaryReport.xml" Filter="2" />
    <FileEntry Name="UserTasks.xml" Filter="2" />
    <FileEntry Name="combined_UC01_with_influx.c" Filter="2" />
    <FileEntry Name="pre_cci.c" Filter="2" />
    <FileEntry Name="19746479844.idx" Filter="1" />
    <FileEntry Name="19746479844_0ku.123.idx" Filter="1" />
    <FileEntry Name="19746479844_0nD.409.idx" Filter="1" />
    <FileEntry Name="19746479844_ah3.415.idx" Filter="1" />
    <FileEntry Name="19746479844_BEQ.539.idx" Filter="1" />
    <FileEntry Name="19746479844_D1s.414.idx" Filter="1" />
    <FileEntry Name="19746479844_FW9.417.idx" Filter="1" />
    <FileEntry Name="19746479844_grG.416.idx" Filter="1" />
    <FileEntry Name="19746479844_Ihv.199.idx" Filter="1" />
    <FileEntry Name="19746479844_iVA.413.idx" Filter="1" />
    <FileEntry Name="19746479844_jNT.418.idx" Filter="1" />
    <FileEntry Name="19746479844_kfj.759.idx" Filter="1" />
    <FileEntry Name="19746479844_mol.412.idx" Filter="1" />
    <FileEntry Name="19746479844_pG1.410.idx" Filter="1" />
    <FileEntry Name="19746479844_R4b.891.idx" Filter="1" />
    <FileEntry Name="19746479844_rMm.275.idx" Filter="1" />
    <FileEntry Name="19746479844_WHR.419.idx" Filter="1" />
    <FileEntry Name="19746479844_Zws.411.idx" Filter="1" />
    <FileEntry Name="6431787344.idx" Filter="1" />
    <FileEntry Name="logfile.log" Filter="1" />
    <FileEntry Name="login.dat" Filter="1" />
    <FileEntry Name="mdrv.log" Filter="1" />
    <FileEntry Name="mdrv_cmd.txt" Filter="1" />
    <FileEntry Name="options.txt" Filter="1" />
    <FileEntry Name="output.bak" Filter="1" />
    <FileEntry Name="output.txt" Filter="1" />
    <FileEntry Name="port.dat" Filter="1" />
    <FileEntry Name="ThumbnailsCache.tmp" Filter="1" />
    <FileEntry Name="TransactionsData.db" Filter="1" />
    <FileEntry Name="UC01_with_influx.c.pickle" Filter="1" />
    <FileEntry Name="UC01_with_influx.ci" Filter="1" />
    <FileEntry Name="UC01_with_influx.sdf" Filter="1" />
    <FileEntry Name="XDESKREDACT.prm.bak" Filter="1" />
    <FileEntry Name="data\" Filter="1" />
    <FileEntry Name="result1\" Filter="1" />
  </GeneralFiles>
</VugenScriptMetadata>