<?xml version="1.0" encoding="windows-1251"?><Metadata><Ms><It Ln="54" O="0" M="Utt.Debugger.Warning" T="warning: unrecognized character escape sequence `\{'&#xD;&#xA;"><P F="D:\Users\user\AppData\Local\Temp\dhfnvsf5.3lh\Action.c" N="39" C="0" /></It><It Ln="54" O="0" M="Utt.Debugger.Warning" T="warning: unrecognized character escape sequence `\}'&#xD;&#xA;"><P F="D:\Users\user\AppData\Local\Temp\dhfnvsf5.3lh\Action.c" N="39" C="0" /></It><It Ln="18" O="0" M="Utt.Debugger.Info" T="No errors detected" /></Ms></Metadata>