<?xml version="1.0" encoding="windows-1251"?><Metadata><Ms><It Ln="54" O="0" M="Utt.Debugger.Warning" T="warning: unrecognized character escape sequence `\{'&#xD;&#xA;"><P F="d:\Users\User27\AppData\Local\Temp\13\jf3izxih.ayb\UC03_Delete_Task.c" N="35" C="0" /></It><It Ln="54" O="0" M="Utt.Debugger.Warning" T="warning: unrecognized character escape sequence `\}'&#xD;&#xA;"><P F="d:\Users\User27\AppData\Local\Temp\13\jf3izxih.ayb\UC03_Delete_Task.c" N="35" C="0" /></It><It Ln="18" O="0" M="Utt.Debugger.Info" T="No errors detected" /></Ms></Metadata>