{"OutputFileHashSum":"30E43CB56C3ECA7818499AF6C6CE6DACD7DB06A12C3AC08841050AFD0C29772A","Converted":true,"OutputModifyDate":"2020-02-25T13:42:13.1353761Z","Metadatas":[{"CategoryName":"VuGen.Replay","Offset":537,"Length":23,"TypeId":1},{"CategoryName":"VuGen.Replay","Offset":663,"Length":63,"TypeId":2},{"CategoryName":"VuGen.Replay","Offset":2183,"Length":122,"TypeId":2},{"CategoryName":"VuGen.Replay","Offset":2739,"Length":66,"TypeId":2},{"CategoryName":"VuGen.Replay","Offset":8120,"Length":125,"TypeId":2},{"CategoryName":"VuGen.Replay","Offset":8540,"Length":76,"TypeId":2},{"CategoryName":"VuGen.Replay","Offset":9008,"Length":134,"TypeId":2},{"CategoryName":"VuGen.Replay","Offset":9435,"Length":71,"TypeId":2},{"CategoryName":"VuGen.Replay","Offset":10020,"Length":129,"TypeId":2},{"CategoryName":"VuGen.Replay","Offset":10444,"Length":77,"TypeId":2},{"CategoryName":"VuGen.Replay","Offset":10968,"Length":135,"TypeId":2},{"CategoryName":"VuGen.Replay","Offset":11398,"Length":63,"TypeId":2},{"CategoryName":"VuGen.Replay","Offset":13229,"Length":121,"TypeId":2},{"CategoryName":"VuGen.Replay","Offset":13671,"Length":21,"TypeId":1}],"MetadataTypes":[{"CategoryName":"VuGen.Replay","MetadataTypeName":"HP.LR.Vugen.Iteration","Id":1},{"CategoryName":"VuGen.Replay","MetadataTypeName":"HP.LR.Vugen.NotifyTransaction","Id":2}]}