<?xml version="1.0" encoding="utf-8"?>
<VugenScriptMetadata>
  <ScriptName>Script_3_2</ScriptName>
  <Protocol>Web - HTTP/HTML</Protocol>
  <ActionFiles>
    <FileEntry Name="vuser_init.c" Filter="2" />
    <FileEntry Name="Action.c" Filter="2" />
    <FileEntry Name="vuser_end.c" Filter="2" />
  </ActionFiles>
  <GeneralFiles>
    <FileEntry Name="Script_3_2.usr" Filter="4" />
    <FileEntry Name="default.cfg" Filter="4" />
    <FileEntry Name="default.usp" Filter="4" />
    <FileEntry Name="Script_3_2.prm" Filter="2" />
    <FileEntry Name="globals.h" Filter="2" />
    <FileEntry Name="login.dat" Filter="2" />
    <FileEntry Name="NewParam.dat" Filter="2" />
    <FileEntry Name="host.dat" Filter="2" />
    <FileEntry Name="port.dat" Filter="2" />
    <FileEntry Name="combined_Script_3_2.c" Filter="2" />
    <FileEntry Name="pre_cci.c" Filter="2" />
    <FileEntry Name="143404062440.idx" Filter="1" />
    <FileEntry Name="171199642440.idx" Filter="1" />
    <FileEntry Name="227733047440.idx" Filter="1" />
    <FileEntry Name="7897964440.idx" Filter="1" />
    <FileEntry Name="789796444_0ku.123.idx" Filter="1" />
    <FileEntry Name="789796444_1yT.945.idx" Filter="1" />
    <FileEntry Name="789796444_CoG.417.idx" Filter="1" />
    <FileEntry Name="789796444_cUh.255.idx" Filter="1" />
    <FileEntry Name="789796444_hmr.697.idx" Filter="1" />
    <FileEntry Name="789796444_ORN.189.idx" Filter="1" />
    <FileEntry Name="789796444_sLW.671.idx" Filter="1" />
    <FileEntry Name="789796444_Ub9.767.idx" Filter="1" />
    <FileEntry Name="Bookmarks.xml" Filter="1" />
    <FileEntry Name="Breakpoints.xml" Filter="1" />
    <FileEntry Name="CompilerLogMetadata.xml" Filter="1" />
    <FileEntry Name="custom_body_variables.txt" Filter="1" />
    <FileEntry Name="logfile.log" Filter="1" />
    <FileEntry Name="lrw_custom_body.h" Filter="1" />
    <FileEntry Name="mdrv.log" Filter="1" />
    <FileEntry Name="mdrv_cmd.txt" Filter="1" />
    <FileEntry Name="options.txt" Filter="1" />
    <FileEntry Name="output.bak" Filter="1" />
    <FileEntry Name="output.txt" Filter="1" />
    <FileEntry Name="OutputColoringDatabase.json" Filter="1" />
    <FileEntry Name="ReplaySummaryReport.xml" Filter="1" />
    <FileEntry Name="ScriptUploadMetadata.xml" Filter="1" />
    <FileEntry Name="Script_3_2.c.pickle" Filter="1" />
    <FileEntry Name="Script_3_2.ci" Filter="1" />
    <FileEntry Name="Script_3_2.prm.bak" Filter="1" />
    <FileEntry Name="ThumbnailsCache.tmp" Filter="1" />
    <FileEntry Name="TransactionsData.db" Filter="1" />
    <FileEntry Name="UserTasks.xml" Filter="1" />
    <FileEntry Name="data\" Filter="1" />
    <FileEntry Name="result1\" Filter="1" />
  </GeneralFiles>
</VugenScriptMetadata>