{"id":150161,"parentId":150161,"externalId":"TSK_1800000","header":"Уничтожение клопов","text":"comment 3 (alex)","priority":"Низкий","createDate":1575460445297,"lastEditDate":1575460445301,"state":"Выполняется","stateId":1,"syncMask":"PORTAL_ONLY","isSpecialistDate":false,"ticketState":"Выполняется","ticketStateId":1,"applicant":{"fullName":"Алексей Карчевский","userName":"master","email":"a.karchevski@pflb.ru","location":"142784, г.Москва, Киевское шоссе, 22-й км,\nБП ComCity, домовл.6, стр.1","phone":"8 (000) 123-45-67","mobilePhone":"8 (000) 123-45-67","id":106},"contractor":{"id":9,"name":"2-Ремонт","organization":"Холодильное оборудование","company":"YYY","active":true},"categories":["Экология","Дератизация, Дезинсекция, Дезинфекция","Уничтожение грызунов и насекомых, Дезинфекция"],"category1":"Экология","category2":"Дератизация, Дезинсекция, Дезинфекция","category3":"Уничтожение грызунов и насекомых, Дезинфекция","location":"Барклая 24","address":"Барклая 24","actions":["assignContractor","cancelTask","comment"]}