[{"id":130761,"authorId":101272,"author":"Игорев Игорь1251","text":"Handsomely.","createDate":1582274670695,"syncMask":"PORTAL_ONLY","ticketId":150161},{"id":129250,"authorId":106,"author":"Алексей Карчевский","text":"+n+(>_<)+n+","createDate":1575620963792,"viewed":true,"syncMask":"PORTAL_ONLY","ticketId":150161},{"id":129246,"authorId":106,"author":"Алексей Карчевский","text":"><>","createDate":1575620864519,"viewed":true,"syncMask":"PORTAL_ONLY","ticketId":150161},{"id":129176,"authorId":106,"author":"Алексей Карчевский","text":"d[ o_0 ]b","createDate":1575618801579,"viewed":true,"syncMask":"PORTAL_ONLY","ticketId":150161}]