[
    {
        "actionName": "Action",
        "steps": [
            {
                "stepId": "STEP1",
                "stepName": "Url: /login",
                "infFile": "t1.inf",
                "time": 1582638119829
            },
            {
                "stepId": "STEP2",
                "stepName": "Custom Request: postImage.jsp",
                "infFile": "t2.inf",
                "time": 1582638119971
            },
            {
                "stepId": "STEP3",
                "stepName": "Url: /",
                "infFile": "t4.inf",
                "time": 1582638120255
            },
            {
                "stepId": "STEP4",
                "stepName": "Url: /api/checkLogin",
                "infFile": "t5.inf",
                "time": 1582638120426
            },
            {
                "stepId": "STEP5",
                "stepName": "Url: /api/user/info",
                "infFile": "t6.inf",
                "time": 1582638120452
            },
            {
                "stepId": "STEP6",
                "stepName": "Url: /api/ticket/countByState/4",
                "infFile": "t7.inf",
                "time": 1582638120507
            },
            {
                "stepId": "STEP7",
                "stepName": "Url: /api/ticket/countByState/",
                "infFile": "t8.inf",
                "time": 1582638120686
            },
            {
                "stepId": "STEP8",
                "stepName": "Custom Request: /api/ticket/",
                "infFile": "t9.inf",
                "time": 1582638122019
            },
            {
                "stepId": "STEP9",
                "stepName": "Custom Request: postImage.jsp",
                "infFile": "t10.inf",
                "time": 1582638123389
            },
            {
                "stepId": "STEP10",
                "stepName": "Custom Request: /api/ticket/",
                "infFile": "t12.inf",
                "time": 1582638128030
            },
            {
                "stepId": "STEP11",
                "stepName": "Custom Request: postImage.jsp",
                "infFile": "t13.inf",
                "time": 1582638129005
            },
            {
                "stepId": "STEP12",
                "stepName": "Custom Request: /api/ticket/{task_id}",
                "infFile": "t14.inf",
                "time": 1582638129454
            },
            {
                "stepId": "STEP13",
                "stepName": "Custom Request: /api/ticket/{task_id}/solve/",
                "infFile": "t15.inf",
                "time": 1582638130049
            },
            {
                "stepId": "STEP14",
                "stepName": "Custom Request: postImage.jsp",
                "infFile": "t16.inf",
                "time": 1582638130079
            },
            {
                "stepId": "STEP15",
                "stepName": "Url: /api/checkLogin",
                "infFile": "t17.inf",
                "time": 1582638130111
            },
            {
                "stepId": "STEP16",
                "stepName": "Custom Request: /api/ticket/",
                "infFile": "t18.inf",
                "time": 1582638131960
            },
            {
                "stepId": "STEP17",
                "stepName": "Custom Request: postImage.jsp",
                "infFile": "t19.inf",
                "time": 1582638132990
            },
            {
                "stepId": "STEP18",
                "stepName": "Url: /api/logout",
                "infFile": "t20.inf",
                "time": 1582638133024
            },
            {
                "stepId": "STEP19",
                "stepName": "Custom Request: postImage.jsp",
                "infFile": "t21.inf",
                "time": 1582638133105
            }
        ],
        "transactions": [
            {
                "transactionName": "UC03_T01_Entrance",
                "rawStartTime": 1582638118795,
                "rawEndTime": 1582638119853,
                "thinkTime": 0.0,
                "wastedTime": 0.14390873908996583
            },
            {
                "transactionName": "UC03_T02_Logging_in",
                "rawStartTime": 1582638119975,
                "rawEndTime": 1582638122020,
                "thinkTime": 0.0,
                "wastedTime": 0.05723881721496582
            },
            {
                "transactionName": "UC03_T03_Going_to_tasks_list",
                "rawStartTime": 1582638123391,
                "rawEndTime": 1582638128032,
                "thinkTime": 0.0,
                "wastedTime": 0.00905466079711914
            },
            {
                "transactionName": "UC03_T04_Picking_a_task",
                "rawStartTime": 1582638129008,
                "rawEndTime": 1582638130051,
                "thinkTime": 0.0,
                "wastedTime": 0.009732961654663086
            },
            {
                "transactionName": "UC03_T05_Approving_completion",
                "rawStartTime": 1582638130081,
                "rawEndTime": 1582638131962,
                "thinkTime": 0.0,
                "wastedTime": 0.010310888290405274
            },
            {
                "transactionName": "UC03_�06_Logout",
                "rawStartTime": 1582638132991,
                "rawEndTime": 1582638133026,
                "thinkTime": 0.0,
                "wastedTime": 0.005514621734619141
            }
        ]
    }
]