{"id":152535,"applicant":{"fullName":"Игорев Игорь","userName":"engineer","email":"engineer@gmail.com","location":"Люберцы","phone":"8 (000) 123-45-67","mobilePhone":"8 (000) 123-45-67","id":103},"director":{"fullName":"Васильев Павел1","userName":"director_1","email":"director@mail.com","location":"location","address":"152 Скотопрогонная ул. 13","phone":"+79778334486","mobilePhone":"8 (000) 123-45-67","workPhone":"+79778334486","organization":"organization","id":101122},"header":"Остекление фасада","text":"DEBUGGER","createDate":1582616114667,"finishDate":1582638130908,"lastEditDate":1582638130913,"ticketStateId":2,"serviceId":2874,"syncMask":"PORTAL_ONLY","location":"152 Скотопрогонная ул. 13","address":"152 Скотопрогонная ул. 13","taskId":152535,"taskStateId":2,"categories":["Инженерия","Части здания","Остекление фасада"],"category1":"Инженерия","category2":"Части здания","category3":"Остекление фасада","openCommunications":0,"totalCommunications":0,"actions":["printAct","comment"]}