{"content":[{"id":153001,"applicant":{"fullName":"Игорев Игорь","userName":"engineer","email":"engineer@gmail.com","location":"Люберцы","phone":"8 (000) 123-45-67","mobilePhone":"8 (000) 123-45-67","id":103},"director":{"fullName":"Васильев Павел1","userName":"director_1","email":"director@mail.com","location":"location","address":"152 Скотопрогонная ул. 13","phone":"+79778334486","mobilePhone":"8 (000) 123-45-67","workPhone":"+79778334486","organization":"organization","id":101122},"header":"Роклы","text":"DEBUGGER","createDate":1582629365765,"lastEditDate":1582629365768,"ticketState":"Выполняется","ticketStateId":1,"serviceId":2921,"syncMask":"PORTAL_ONLY","location":"152 Скотопрогонная ул. 13","address":"152 Скотопрогонная ул. 13","taskId":153001,"taskState":"Выполняется","taskStateId":1,"categories":["Технологическое оборудование","Подъемные и передвижные механизмы","Роклы"],"category1":"Технологическое оборудование","category2":"Подъемные и передвижные механизмы","category3":"Роклы","canBeCanceled":false,"openCommunications":0,"totalCommunications":0,"actions":["solveTicket","comment"]},{"id":152997,"applicant":{"fullName":"Игорев Игорь","userName":"engineer","email":"engineer@gmail.com","location":"Люберцы","phone":"8 (000) 123-45-67","mobilePhone":"8 (000) 123-45-67","id":103},"director":{"fullName":"Васильев Павел1","userName":"director_1","email":"director@mail.com","location":"location","address":"152 Скотопрогонная ул. 13","phone":"+79778334486","mobilePhone":"8 (000) 123-45-67","workPhone":"+79778334486","organization":"organization","id":101122},"header":"Счетчик тепла","text":"DEBUGGER","createDate":1582629238736,"lastEditDate":1582629238744,"ticketState":"Выполняется","ticketStateId":1,"serviceId":2827,"syncMask":"PORTAL_ONLY","location":"152 Скотопрогонная ул. 13","address":"152 Скотопрогонная ул. 13","taskId":152997,"taskState":"Выполняется","taskStateId":1,"categories":["Инженерия","Измерительные приборы","Счетчик тепла"],"category1":"Инженерия","category2":"Измерительные приборы","category3":"Счетчик тепла","canBeCanceled":false,"openCommunications":0,"totalCommunications":0,"actions":["solveTicket","comment"]},{"id":152995,"applicant":{"fullName":"Игорев Игорь","userName":"engineer","email":"engineer@gmail.com","location":"Люберцы","phone":"8 (000) 123-45-67","mobilePhone":"8 (000) 123-45-67","id":103},"director":{"fullName":"Васильев Павел1","userName":"director_1","email":"director@mail.com","location":"location","address":"152 Скотопрогонная ул. 13","phone":"+79778334486","mobilePhone":"8 (000) 123-45-67","workPhone":"+79778334486","organization":"organization","id":101122},"header":"Сейфы","text":"DEBUGGER","createDate":1582629177101,"lastEditDate":1582629177107,"ticketState":"Выполняется","ticketStateId":1,"serviceId":3001,"syncMask":"PORTAL_ONLY","location":"152 Скотопрогонная ул. 13","address":"152 Скотопрогонная ул. 13","taskId":152995,"taskState":"Выполняется","taskStateId":1,"categories":["Технологическое оборудование","Банковское оборудование","Сейфы"],"category1":"Технологическое оборудование","category2":"Банковское оборудование","category3":"Сейфы","canBeCanceled":false,"openCommunications":0,"totalCommunications":0,"actions":["solveTicket","comment"]},{"id":152993,"applicant":{"fullName":"Игорев Игорь","userName":"engineer","email":"engineer@gmail.com","location":"Люберцы","phone":"8 (000) 123-45-67","mobilePhone":"8 (000) 123-45-67","id":103},"director":{"fullName":"Васильев Павел1","userName":"director_1","email":"director@mail.com","location":"location","address":"152 Скотопрогонная ул. 13","phone":"+79778334486","mobilePhone":"8 (000) 123-45-67","workPhone":"+79778334486","organization":"organization","id":101122},"header":"Детектор купюр","text":"DEBUGGER","createDate":1582629111868,"lastEditDate":1582629111872,"ticketState":"Выполняется","ticketStateId":1,"serviceId":2904,"syncMask":"PORTAL_ONLY","location":"152 Скотопрогонная ул. 13","address":"152 Скотопрогонная ул. 13","taskId":152993,"taskState":"Выполняется","taskStateId":1,"categories":["Технологическое оборудование","Банковское оборудование","Детектор купюр"],"category1":"Технологическое оборудование","category2":"Банковское оборудование","category3":"Детектор купюр","canBeCanceled":false,"openCommunications":0,"totalCommunications":0,"actions":["solveTicket","comment"]},{"id":152989,"applicant":{"fullName":"Игорев Игорь","userName":"engineer","email":"engineer@gmail.com","location":"Люберцы","phone":"8 (000) 123-45-67","mobilePhone":"8 (000) 123-45-67","id":103},"director":{"fullName":"Васильев Павел1","userName":"director_1","email":"director@mail.com","location":"location","address":"152 Скотопрогонная ул. 13","phone":"+79778334486","mobilePhone":"8 (000) 123-45-67","workPhone":"+79778334486","organization":"organization","id":101122},"header":"Система вентиляции","text":"DEBUGGER","createDate":1582628985558,"lastEditDate":1582628985565,"ticketState":"Выполняется","ticketStateId":1,"serviceId":2935,"syncMask":"PORTAL_ONLY","location":"152 Скотопрогонная ул. 13","address":"152 Скотопрогонная ул. 13","taskId":152989,"taskState":"Выполняется","taskStateId":1,"categories":["Технологическое оборудование","Климатическое оборудование","Система вентиляции"],"category1":"Технологическое оборудование","category2":"Климатическое оборудование","category3":"Система вентиляции","canBeCanceled":false,"openCommunications":0,"totalCommunications":0,"actions":["solveTicket","comment"]},{"id":152985,"applicant":{"fullName":"Игорев Игорь","userName":"engineer","email":"engineer@gmail.com","location":"Люберцы","phone":"8 (000) 123-45-67","mobilePhone":"8 (000) 123-45-67","id":103},"director":{"fullName":"Васильев Павел1","userName":"director_1","email":"director@mail.com","location":"location","address":"152 Скотопрогонная ул. 13","phone":"+79778334486","mobilePhone":"8 (000) 123-45-67","workPhone":"+79778334486","organization":"organization","id":101122},"header":"Асфальтировка, парковка, подъездные пути","text":"DEBUGGER","createDate":1582628741657,"lastEditDate":1582628741663,"ticketState":"Выполняется","ticketStateId":1,"serviceId":2880,"syncMask":"PORTAL_ONLY","location":"152 Скотопрогонная ул. 13","address":"152 Скотопрогонная ул. 13","taskId":152985,"taskState":"Выполняется","taskStateId":1,"categories":["Инженерия","Работы на прилегающей территории","Асфальтировка, парковка, подъездные пути"],"category1":"Инженерия","category2":"Работы на прилегающей территории","category3":"Асфальтировка, парковка, подъездные пути","canBeCanceled":false,"openCommunications":0,"totalCommunications":0,"actions":["solveTicket","comment"]},{"id":152983,"applicant":{"fullName":"Игорев Игорь","userName":"engineer","email":"engineer@gmail.com","location":"Люберцы","phone":"8 (000) 123-45-67","mobilePhone":"8 (000) 123-45-67","id":103},"director":{"fullName":"Васильев Павел1","userName":"director_1","email":"director@mail.com","location":"location","address":"152 Скотопрогонная ул. 13","phone":"+79778334486","mobilePhone":"8 (000) 123-45-67","workPhone":"+79778334486","organization":"organization","id":101122},"header":"Грузовой подъёмник","text":"DEBUGGER","createDate":1582628604707,"lastEditDate":1582628604712,"ticketState":"Выполняется","ticketStateId":1,"serviceId":2930,"syncMask":"PORTAL_ONLY","location":"152 Скотопрогонная ул. 13","address":"152 Скотопрогонная ул. 13","taskId":152983,"taskState":"Выполняется","taskStateId":1,"categories":["Технологическое оборудование","Подъемные и передвижные механизмы","Грузовой подъёмник"],"category1":"Технологическое оборудование","category2":"Подъемные и передвижные механизмы","category3":"Грузовой подъёмник","canBeCanceled":false,"openCommunications":0,"totalCommunications":0,"actions":["solveTicket","comment"]},{"id":152982,"applicant":{"fullName":"Игорев Игорь","userName":"engineer","email":"engineer@gmail.com","location":"Люберцы","phone":"8 (000) 123-45-67","mobilePhone":"8 (000) 123-45-67","id":103},"director":{"fullName":"Васильев Павел1","userName":"director_1","email":"director@mail.com","location":"location","address":"152 Скотопрогонная ул. 13","phone":"+79778334486","mobilePhone":"8 (000) 123-45-67","workPhone":"+79778334486","organization":"organization","id":101122},"header":"Гриль","text":"DEBUGGER","createDate":1582628541707,"lastEditDate":1582628541714,"ticketState":"Выполняется","ticketStateId":1,"serviceId":2898,"syncMask":"PORTAL_ONLY","location":"152 Скотопрогонная ул. 13","address":"152 Скотопрогонная ул. 13","taskId":152982,"taskState":"Выполняется","taskStateId":1,"categories":["Технологическое оборудование","Тепловое оборудование","Гриль"],"category1":"Технологическое оборудование","category2":"Тепловое оборудование","category3":"Гриль","canBeCanceled":false,"openCommunications":0,"totalCommunications":0,"actions":["solveTicket","comment"]},{"id":152981,"applicant":{"fullName":"Игорев Игорь","userName":"engineer","email":"engineer@gmail.com","location":"Люберцы","phone":"8 (000) 123-45-67","mobilePhone":"8 (000) 123-45-67","id":103},"director":{"fullName":"Васильев Павел1","userName":"director_1","email":"director@mail.com","location":"location","address":"152 Скотопрогонная ул. 13","phone":"+79778334486","mobilePhone":"8 (000) 123-45-67","workPhone":"+79778334486","organization":"organization","id":101122},"header":"Ларь Бонета","text":"DEBUGGER","createDate":1582628478661,"lastEditDate":1582628478669,"ticketState":"Выполняется","ticketStateId":1,"serviceId":2991,"syncMask":"PORTAL_ONLY","location":"152 Скотопрогонная ул. 13","address":"152 Скотопрогонная ул. 13","taskId":152981,"taskState":"Выполняется","taskStateId":1,"categories":["Технологическое оборудование","Холодильное оборудование","Ларь Бонета"],"category1":"Технологическое оборудование","category2":"Холодильное оборудование","category3":"Ларь Бонета","canBeCanceled":false,"openCommunications":0,"totalCommunications":0,"actions":["solveTicket","comment"]},{"id":152980,"applicant":{"fullName":"Игорев Игорь","userName":"engineer","email":"engineer@gmail.com","location":"Люберцы","phone":"8 (000) 123-45-67","mobilePhone":"8 (000) 123-45-67","id":103},"director":{"fullName":"Васильев Павел1","userName":"director_1","email":"director@mail.com","location":"location","address":"152 Скотопрогонная ул. 13","phone":"+79778334486","mobilePhone":"8 (000) 123-45-67","workPhone":"+79778334486","organization":"organization","id":101122},"header":"Уничтожение грызунов и насекомых, Дезинфекция","text":"DEBUGGER","createDate":1582628415291,"lastEditDate":1582628415296,"ticketState":"Выполняется","ticketStateId":1,"serviceId":2807,"syncMask":"PORTAL_ONLY","location":"152 Скотопрогонная ул. 13","address":"152 Скотопрогонная ул. 13","taskId":152980,"taskState":"Выполняется","taskStateId":1,"categories":["Экология","Дератизация, Дезинсекция, Дезинфекция","Уничтожение грызунов и насекомых, Дезинфекция"],"category1":"Экология","category2":"Дератизация, Дезинсекция, Дезинфекция","category3":"Уничтожение грызунов и насекомых, Дезинфекция","canBeCanceled":false,"openCommunications":0,"totalCommunications":0,"actions":["solveTicket","comment"]}],"last":false,"totalPages":6,"totalElements":59,"numberOfElements":10,"sort":[{"direction":"DESC","property":"id","ignoreCase":false,"nullHandling":"NATIVE","descending":true,"ascending":false}],"first":true,"size":10,"number":0}