{"content":[{"id":153247,"applicant":{"fullName":"Игорев Игорь","userName":"engineer","email":"engineer@gmail.com","location":"Люберцы","phone":"8 (000) 123-45-67","mobilePhone":"8 (000) 123-45-67","id":103},"director":{"fullName":"Васильев Павел1","userName":"director_1","email":"director@mail.com","location":"location","address":"152 Скотопрогонная ул. 13","phone":"+79778334486","mobilePhone":"8 (000) 123-45-67","workPhone":"+79778334486","organization":"organization","id":101122},"header":"Кран, смеситель, душ","text":"DEBUGGER","createDate":1582638106713,"lastEditDate":1582638106718,"ticketState":"Новый","ticketStateId":-1,"serviceId":3195,"syncMask":"PORTAL_ONLY","location":"152 Скотопрогонная ул. 13","address":"152 Скотопрогонная ул. 13","categories":["Инженерия","Сантехника","Кран, смеситель, душ"],"category1":"Инженерия","category2":"Сантехника","category3":"Кран, смеситель, душ","openCommunications":0,"totalCommunications":0,"actions":[]},{"id":153245,"applicant":{"fullName":"Игорев Игорь","userName":"engineer","email":"engineer@gmail.com","location":"Люберцы","phone":"8 (000) 123-45-67","mobilePhone":"8 (000) 123-45-67","id":103},"director":{"fullName":"Васильев Павел1","userName":"director_1","email":"director@mail.com","location":"location","address":"152 Скотопрогонная ул. 13","phone":"+79778334486","mobilePhone":"8 (000) 123-45-67","workPhone":"+79778334486","organization":"organization","id":101122},"header":"Уборка прилегающей территории","text":"DEBUGGER","createDate":1582638062122,"lastEditDate":1582638062127,"ticketState":"Новый","ticketStateId":-1,"serviceId":2786,"syncMask":"PORTAL_ONLY","location":"152 Скотопрогонная ул. 13","address":"152 Скотопрогонная ул. 13","categories":["Экология","Уборка помещений и прилегающей территории","Уборка прилегающей территории"],"category1":"Экология","category2":"Уборка помещений и прилегающей территории","category3":"Уборка прилегающей территории","openCommunications":0,"totalCommunications":0,"actions":[]},{"id":153243,"applicant":{"fullName":"Игорев Игорь","userName":"engineer","email":"engineer@gmail.com","location":"Люберцы","phone":"8 (000) 123-45-67","mobilePhone":"8 (000) 123-45-67","id":103},"director":{"fullName":"Васильев Павел1","userName":"director_1","email":"director@mail.com","location":"location","address":"152 Скотопрогонная ул. 13","phone":"+79778334486","mobilePhone":"8 (000) 123-45-67","workPhone":"+79778334486","organization":"organization","id":101122},"header":"Холодильная камера","text":"DEBUGGER","createDate":1582638020275,"lastEditDate":1582638020279,"ticketState":"Новый","ticketStateId":-1,"serviceId":2965,"syncMask":"PORTAL_ONLY","location":"152 Скотопрогонная ул. 13","address":"152 Скотопрогонная ул. 13","categories":["Технологическое оборудование","Холодильное оборудование","Холодильная камера"],"category1":"Технологическое оборудование","category2":"Холодильное оборудование","category3":"Холодильная камера","openCommunications":0,"totalCommunications":0,"actions":[]},{"id":153242,"applicant":{"fullName":"Игорев Игорь","userName":"engineer","email":"engineer@gmail.com","location":"Люберцы","phone":"8 (000) 123-45-67","mobilePhone":"8 (000) 123-45-67","id":103},"director":{"fullName":"Васильев Павел1","userName":"director_1","email":"director@mail.com","location":"location","address":"152 Скотопрогонная ул. 13","phone":"+79778334486","mobilePhone":"8 (000) 123-45-67","workPhone":"+79778334486","organization":"organization","id":101122},"header":"Счетчик тепла","text":"DEBUGGER","createDate":1582638002202,"lastEditDate":1582638002206,"ticketState":"Новый","ticketStateId":-1,"serviceId":2824,"syncMask":"PORTAL_ONLY","location":"152 Скотопрогонная ул. 13","address":"152 Скотопрогонная ул. 13","categories":["Инженерия","Измерительные приборы","Счетчик тепла"],"category1":"Инженерия","category2":"Измерительные приборы","category3":"Счетчик тепла","openCommunications":0,"totalCommunications":0,"actions":[]},{"id":153241,"applicant":{"fullName":"Игорев Игорь","userName":"engineer","email":"engineer@gmail.com","location":"Люберцы","phone":"8 (000) 123-45-67","mobilePhone":"8 (000) 123-45-67","id":103},"director":{"fullName":"Васильев Павел1","userName":"director_1","email":"director@mail.com","location":"location","address":"152 Скотопрогонная ул. 13","phone":"+79778334486","mobilePhone":"8 (000) 123-45-67","workPhone":"+79778334486","organization":"organization","id":101122},"header":"Наружнее освещение фасада и прилегающей территории","text":"DEBUGGER","createDate":1582637980808,"lastEditDate":1582637980812,"ticketState":"Новый","ticketStateId":-1,"serviceId":2838,"syncMask":"PORTAL_ONLY","location":"152 Скотопрогонная ул. 13","address":"152 Скотопрогонная ул. 13","categories":["Инженерия","Электрооборудование","Наружнее освещение фасада и прилегающей территории"],"category1":"Инженерия","category2":"Электрооборудование","category3":"Наружнее освещение фасада и прилегающей территории","openCommunications":0,"totalCommunications":0,"actions":[]},{"id":153240,"applicant":{"fullName":"Игорев Игорь","userName":"engineer","email":"engineer@gmail.com","location":"Люберцы","phone":"8 (000) 123-45-67","mobilePhone":"8 (000) 123-45-67","id":103},"director":{"fullName":"Васильев Павел1","userName":"director_1","email":"director@mail.com","location":"location","address":"152 Скотопрогонная ул. 13","phone":"+79778334486","mobilePhone":"8 (000) 123-45-67","workPhone":"+79778334486","organization":"organization","id":101122},"header":"Уничтожение грызунов и насекомых, Дезинфекция","text":"DEBUGGER","createDate":1582637957113,"lastEditDate":1582637957116,"ticketState":"Новый","ticketStateId":-1,"serviceId":2807,"syncMask":"PORTAL_ONLY","location":"152 Скотопрогонная ул. 13","address":"152 Скотопрогонная ул. 13","categories":["Экология","Дератизация, Дезинсекция, Дезинфекция","Уничтожение грызунов и насекомых, Дезинфекция"],"category1":"Экология","category2":"Дератизация, Дезинсекция, Дезинфекция","category3":"Уничтожение грызунов и насекомых, Дезинфекция","openCommunications":0,"totalCommunications":0,"actions":[]},{"id":153238,"applicant":{"fullName":"Игорев Игорь","userName":"engineer","email":"engineer@gmail.com","location":"Люберцы","phone":"8 (000) 123-45-67","mobilePhone":"8 (000) 123-45-67","id":103},"director":{"fullName":"Васильев Павел1","userName":"director_1","email":"director@mail.com","location":"location","address":"152 Скотопрогонная ул. 13","phone":"+79778334486","mobilePhone":"8 (000) 123-45-67","workPhone":"+79778334486","organization":"organization","id":101122},"header":"Сейфы","text":"DEBUGGER","createDate":1582637917092,"lastEditDate":1582637917095,"ticketState":"Новый","ticketStateId":-1,"serviceId":3000,"syncMask":"PORTAL_ONLY","location":"152 Скотопрогонная ул. 13","address":"152 Скотопрогонная ул. 13","categories":["Технологическое оборудование","Банковское оборудование","Сейфы"],"category1":"Технологическое оборудование","category2":"Банковское оборудование","category3":"Сейфы","openCommunications":0,"totalCommunications":0,"actions":[]},{"id":153236,"applicant":{"fullName":"Игорев Игорь","userName":"engineer","email":"engineer@gmail.com","location":"Люберцы","phone":"8 (000) 123-45-67","mobilePhone":"8 (000) 123-45-67","id":103},"director":{"fullName":"Васильев Павел1","userName":"director_1","email":"director@mail.com","location":"location","address":"152 Скотопрогонная ул. 13","phone":"+79778334486","mobilePhone":"8 (000) 123-45-67","workPhone":"+79778334486","organization":"organization","id":101122},"header":"Центральная холодильная машина, конденсатор","text":"DEBUGGER","createDate":1582637854180,"lastEditDate":1582637854184,"ticketState":"Новый","ticketStateId":-1,"serviceId":2952,"syncMask":"PORTAL_ONLY","location":"152 Скотопрогонная ул. 13","address":"152 Скотопрогонная ул. 13","categories":["Технологическое оборудование","Холодильное оборудование","Центральная холодильная машина, конденсатор"],"category1":"Технологическое оборудование","category2":"Холодильное оборудование","category3":"Центральная холодильная машина, конденсатор","openCommunications":0,"totalCommunications":0,"actions":[]},{"id":153234,"applicant":{"fullName":"Игорев Игорь","userName":"engineer","email":"engineer@gmail.com","location":"Люберцы","phone":"8 (000) 123-45-67","mobilePhone":"8 (000) 123-45-67","id":103},"director":{"fullName":"Васильев Павел1","userName":"director_1","email":"director@mail.com","location":"location","address":"152 Скотопрогонная ул. 13","phone":"+79778334486","mobilePhone":"8 (000) 123-45-67","workPhone":"+79778334486","organization":"organization","id":101122},"header":"Уборка прилегающей территории","text":"DEBUGGER","createDate":1582637790491,"lastEditDate":1582637790494,"ticketState":"Новый","ticketStateId":-1,"serviceId":2794,"syncMask":"PORTAL_ONLY","location":"152 Скотопрогонная ул. 13","address":"152 Скотопрогонная ул. 13","categories":["Экология","Уборка помещений и прилегающей территории","Уборка прилегающей территории"],"category1":"Экология","category2":"Уборка помещений и прилегающей территории","category3":"Уборка прилегающей территории","openCommunications":0,"totalCommunications":0,"actions":[]},{"id":153233,"applicant":{"fullName":"Игорев Игорь","userName":"engineer","email":"engineer@gmail.com","location":"Люберцы","phone":"8 (000) 123-45-67","mobilePhone":"8 (000) 123-45-67","id":103},"director":{"fullName":"Васильев Павел1","userName":"director_1","email":"director@mail.com","location":"location","address":"152 Скотопрогонная ул. 13","phone":"+79778334486","mobilePhone":"8 (000) 123-45-67","workPhone":"+79778334486","organization":"organization","id":101122},"header":"Кран, смеситель, душ","text":"DEBUGGER","createDate":1582637768459,"lastEditDate":1582637768462,"ticketState":"Новый","ticketStateId":-1,"serviceId":2848,"syncMask":"PORTAL_ONLY","location":"152 Скотопрогонная ул. 13","address":"152 Скотопрогонная ул. 13","categories":["Инженерия","Сантехника","Кран, смеситель, душ"],"category1":"Инженерия","category2":"Сантехника","category3":"Кран, смеситель, душ","openCommunications":0,"totalCommunications":0,"actions":[]}],"last":false,"totalPages":42,"totalElements":417,"numberOfElements":10,"sort":[{"direction":"DESC","property":"id","ignoreCase":false,"nullHandling":"NATIVE","descending":true,"ascending":false}],"first":true,"size":10,"number":0}