<?xml version="1.0" encoding="windows-1251"?><Metadata><Ms><It Ln="54" O="0" M="Utt.Debugger.Warning" T="warning: unrecognized character escape sequence `\{'&#xD;&#xA;"><P F="D:\Users\User22\Documents\VuGen\Scripts\UC02\UC02_T03_Choose_incident.c" N="12" C="0" /></It><It Ln="54" O="0" M="Utt.Debugger.Warning" T="warning: unrecognized character escape sequence `\}'&#xD;&#xA;"><P F="D:\Users\User22\Documents\VuGen\Scripts\UC02\UC02_T03_Choose_incident.c" N="12" C="0" /></It><It Ln="18" O="0" M="Utt.Debugger.Info" T="No errors detected" /></Ms></Metadata>